Resume_str,relevance_score,final_score
"Senior Software Engineer Executive Profile: Senior Software Engineer with over 15 years of experience in system architecture, full-stack development, and cloud computing. Proven expertise in designing and implementing scalable software solutions for e-commerce, fintech, and health tech industries. Adept at managing cross-functional teams and ensuring project deliverables meet or exceed client expectations.
Technical Expertise:
Proficient in programming languages: Python, Java, C++
Cloud platforms: AWS, Azure, Google Cloud
Database systems: MySQL, PostgreSQL, MongoDB
Frameworks and tools: Django, React, Kubernetes
Professional Experience:
Senior Software Engineer at TechCorp (2015-Present): Lead a team of 10 engineers to develop a microservices-based architecture for the company's flagship product, resulting in a 30% improvement in system performance.
Software Developer at DataFlow Inc. (2010-2015): Designed and implemented a data analytics platform, increasing operational efficiency by 40%.
Education:
M.Sc. in Computer Science, Stanford University
B.Sc. in Computer Engineering, University of Michigan
",0.50055367,0.5293467555875364
"Product Manager Executive Profile: Product Manager with 8 years of experience in agile product development, user research, and market analysis. Proven ability to deliver high-quality products that meet customer needs and drive revenue growth.
Technical Expertise:
Tools: Jira, Confluence, Trello
User research: Usability testing, A/B testing
Agile methodologies: Scrum, Kanban
Professional Experience:
Product Manager at InnovateTech (2017-Present): Led the development of a SaaS product that generated $2M in annual revenue.
Associate Product Manager at MarketReach (2014-2017): Conducted market research to identify customer needs, driving the development of new features.
Education:
MBA in Product Management, Kellogg School of Management
B.A. in Economics, University of Pennsylvania
",0.51146674,0.5158398467043172
"Civil Engineer Executive Profile: Civil Engineer with 15 years of experience in structural design, project management, and sustainable construction. Adept at delivering high-quality projects on time and within budget.
Technical Expertise:
Tools: AutoCAD, STAAD Pro, Revit
Project management: Primavera, MS Project
Sustainable construction: LEED certification, Green building materials
Professional Experience:
Senior Civil Engineer at BuildPro (2010-Present): Managed construction projects worth over $50M.
Junior Civil Engineer at StructDesign (2005-2010): Designed structural elements for residential and commercial buildings.
Education:
M.Sc. in Civil Engineering, Stanford University
B.Sc. in Civil Engineering, Purdue University


",0.54864913,0.5115995989156806
"Marketing Specialist Executive Profile: Marketing Specialist with 10 years of experience in digital marketing, content strategy, and brand management. Expertise in SEO, PPC, and analytics tools. Recognized for driving brand growth and customer engagement through innovative strategies.
Technical Expertise:
SEO tools: Ahrefs, SEMrush, Moz
Analytics platforms: Google Analytics, Tableau
Content management systems: WordPress, HubSpot
Professional Experience:
Marketing Manager at AdWorld (2017-Present): Increased online traffic by 50% through targeted marketing campaigns and SEO strategies.
Digital Marketing Specialist at BrandBoost (2013-2017): Developed and executed PPC campaigns, resulting in a 25% increase in ROI.
Education:
MBA in Marketing, Harvard Business School
B.A. in Communications, NYU
",0.54635787,0.5084128827634065
"HR Specialist Executive Profile: HR Specialist with 8 years of experience in talent acquisition, employee relations, and training development. Skilled at building effective HR strategies to enhance organizational culture.
Technical Expertise:
Tools: Workday, SAP SuccessFactors, BambooHR
Training: Leadership development, Conflict resolution
Recruitment: Full-cycle recruitment, Employer branding
Professional Experience:
HR Manager at TalentHub (2018-Present): Increased employee retention by 15% through innovative engagement programs.
HR Specialist at PeopleFirst (2014-2018): Recruited 50+ employees across various departments.
Education:
MBA in Human Resources, Columbia Business School
B.A. in Psychology, University of California, Los Angeles
",0.5210139,0.49744220386380733
